common_name,filename
Greenish Warbler,grewar3/XC189949.ogg
Black-crowned Night-Heron,bcnher/XC819487.ogg
Blyth's Reed Warbler,blrwar1/XC733964.ogg
Little Egret,litegr/XC332727.ogg
Great Egret,greegr/XC295629.ogg
Red-whiskered Bulbul,rewbul/XC406126.ogg
Eurasian Coot,eurcoo/XC706988.ogg
Rose-ringed Parakeet,rorpar/XC647602.ogg
Greater Racket-tailed Drongo,grtdro1/XC528834.ogg
Eurasian Coot,eurcoo/XC325111.ogg
Great Egret,greegr/XC338469.ogg
Black-crowned Night-Heron,bcnher/XC725859.ogg
Eurasian Coot,eurcoo/XC715190.ogg
Black-crowned Night-Heron,bcnher/XC701523.ogg
Blyth's Reed Warbler,blrwar1/XC122439.ogg
Gray-headed Canary-Flycatcher,gyhcaf1/XC345683.ogg
Greenish Warbler,grewar3/XC254828.ogg
Gray-headed Canary-Flycatcher,gyhcaf1/XC841867.ogg
Gray Heron,graher1/XC743546.ogg
Rose-ringed Parakeet,rorpar/XC780903.ogg
Black-crowned Night-Heron,bcnher/XC788132.ogg
Great Egret,greegr/XC645959.ogg
Blyth's Reed Warbler,blrwar1/XC319596.ogg
Greenish Warbler,grewar3/XC415954.ogg
Black-crowned Night-Heron,bcnher/XC836515.ogg
Black-crowned Night-Heron,bcnher/XC481923.ogg
Great Egret,greegr/XC290050.ogg
Great Egret,greegr/XC345145.ogg
Blyth's Reed Warbler,blrwar1/XC423670.ogg
Blyth's Reed Warbler,blrwar1/XC506312.ogg
Eurasian Coot,eurcoo/XC539310.ogg
Gray-headed Canary-Flycatcher,gyhcaf1/XC665640.ogg
Greenish Warbler,grewar3/XC194549.ogg
White-breasted Waterhen,whbwat1/XC303532.ogg
Greenish Warbler,grewar3/XC504756.ogg
Black-crowned Night-Heron,bcnher/XC669459.ogg
Blyth's Reed Warbler,blrwar1/XC809167.ogg
Gray Heron,graher1/XC518530.ogg
Rose-ringed Parakeet,rorpar/XC584366.ogg
Little Egret,litegr/XC717214.ogg
Greenish Warbler,grewar3/XC134126.ogg
Black-crowned Night-Heron,bcnher/XC542993.ogg
Great Egret,greegr/XC453357.ogg
Greater Racket-tailed Drongo,grtdro1/XC86959.ogg
Rose-ringed Parakeet,rorpar/XC712827.ogg
Gray Heron,graher1/XC384486.ogg
White-breasted Waterhen,whbwat1/XC724411.ogg
Blyth's Reed Warbler,blrwar1/XC807160.ogg
Little Egret,litegr/XC407045.ogg
Little Egret,litegr/XC341755.ogg
Little Egret,litegr/XC605412.ogg
Great Egret,greegr/XC340208.ogg
Rose-ringed Parakeet,rorpar/XC602170.ogg
Blyth's Reed Warbler,blrwar1/XC320971.ogg
Eurasian Coot,eurcoo/XC555720.ogg
Black-crowned Night-Heron,bcnher/XC725849.ogg
Red-whiskered Bulbul,rewbul/XC815425.ogg
Gray-headed Canary-Flycatcher,gyhcaf1/XC241648.ogg
Black-crowned Night-Heron,bcnher/XC475211.ogg
Black-crowned Night-Heron,bcnher/XC540712.ogg
Blyth's Reed Warbler,blrwar1/XC248144.ogg
Blyth's Reed Warbler,blrwar1/XC248908.ogg
Gray-headed Canary-Flycatcher,gyhcaf1/XC699940.ogg
Great Egret,greegr/XC654338.ogg
Great Egret,greegr/XC497808.ogg
Greater Racket-tailed Drongo,grtdro1/XC401576.ogg
Eurasian Coot,eurcoo/XC761056.ogg
Blyth's Reed Warbler,blrwar1/XC183813.ogg
Black-crowned Night-Heron,bcnher/XC550582.ogg
Blyth's Reed Warbler,blrwar1/XC656266.ogg
Gray Heron,graher1/XC645177.ogg
Black-crowned Night-Heron,bcnher/XC304259.ogg
Blyth's Reed Warbler,blrwar1/XC134718.ogg
Blyth's Reed Warbler,blrwar1/XC568493.ogg
Greenish Warbler,grewar3/XC603640.ogg
Black-crowned Night-Heron,bcnher/XC467243.ogg
Little Egret,litegr/XC643851.ogg
Greenish Warbler,grewar3/XC537475.ogg
Blyth's Reed Warbler,blrwar1/XC842252.ogg
Eurasian Coot,eurcoo/XC648129.ogg
Greenish Warbler,grewar3/XC375013.ogg
Gray-headed Canary-Flycatcher,gyhcaf1/XC630378.ogg
Red-whiskered Bulbul,rewbul/XC803072.ogg
Greenish Warbler,grewar3/XC490628.ogg
Black-crowned Night-Heron,bcnher/XC749301.ogg
Great Egret,greegr/XC57590.ogg
Greater Racket-tailed Drongo,grtdro1/XC621177.ogg
Great Egret,greegr/XC287953.ogg
Gray-headed Canary-Flycatcher,gyhcaf1/XC653835.ogg
Eurasian Coot,eurcoo/XC626041.ogg
Greenish Warbler,grewar3/XC507436.ogg
Rose-ringed Parakeet,rorpar/XC683049.ogg
Little Egret,litegr/XC718567.ogg
Blyth's Reed Warbler,blrwar1/XC252742.ogg
Greater Racket-tailed Drongo,grtdro1/XC352069.ogg
Gray Heron,graher1/XC786450.ogg
Black-crowned Night-Heron,bcnher/XC376311.ogg
Rose-ringed Parakeet,rorpar/XC572399.ogg
Blyth's Reed Warbler,blrwar1/XC478485.ogg
Black-crowned Night-Heron,bcnher/XC794441.ogg
Gray Heron,graher1/XC680958.ogg
Black-crowned Night-Heron,bcnher/XC668952.ogg
Gray Heron,graher1/XC801581.ogg
Eurasian Coot,eurcoo/XC541506.ogg
Great Egret,greegr/XC738072.ogg
Eurasian Coot,eurcoo/XC263999.ogg
Blyth's Reed Warbler,blrwar1/XC120472.ogg
Blyth's Reed Warbler,blrwar1/XC372097.ogg
Little Egret,litegr/XC734480.ogg
Blyth's Reed Warbler,blrwar1/XC347281.ogg
Little Egret,litegr/XC465332.ogg
Gray Heron,graher1/XC832779.ogg
Black-crowned Night-Heron,bcnher/XC586196.ogg
White-breasted Waterhen,whbwat1/XC842519.ogg
Gray Heron,graher1/XC758701.ogg
Blyth's Reed Warbler,blrwar1/XC568971.ogg
Greater Racket-tailed Drongo,grtdro1/XC767522.ogg
Black-crowned Night-Heron,bcnher/XC713547.ogg
Blyth's Reed Warbler,blrwar1/XC663462.ogg
White-breasted Waterhen,whbwat1/XC772196.ogg
Eurasian Coot,eurcoo/XC726561.ogg
Black-crowned Night-Heron,bcnher/XC827580.ogg
Greenish Warbler,grewar3/XC485186.ogg
Greenish Warbler,grewar3/XC765125.ogg
Great Egret,greegr/XC605976.ogg
Great Egret,greegr/XC2778.ogg
Little Egret,litegr/XC788614.ogg
Little Egret,litegr/XC697849.ogg
Greenish Warbler,grewar3/XC325301.ogg
Eurasian Coot,eurcoo/XC25892.ogg
Rose-ringed Parakeet,rorpar/XC474519.ogg
Little Egret,litegr/XC294610.ogg
Little Egret,litegr/XC441059.ogg
Blyth's Reed Warbler,blrwar1/XC139033.ogg
Black-crowned Night-Heron,bcnher/XC184166.ogg
Eurasian Coot,eurcoo/XC656834.ogg
Red-whiskered Bulbul,rewbul/XC538779.ogg
Blyth's Reed Warbler,blrwar1/XC653926.ogg
Black-crowned Night-Heron,bcnher/XC679800.ogg
Rose-ringed Parakeet,rorpar/XC680457.ogg
Greater Racket-tailed Drongo,grtdro1/XC788193.ogg
Greenish Warbler,grewar3/XC681748.ogg
Blyth's Reed Warbler,blrwar1/XC574767.ogg
Gray-headed Canary-Flycatcher,gyhcaf1/XC732354.ogg
Black-crowned Night-Heron,bcnher/XC521292.ogg
Eurasian Coot,eurcoo/XC567414.ogg
Eurasian Coot,eurcoo/XC710452.ogg
Eurasian Coot,eurcoo/XC496861.ogg
Gray Heron,graher1/XC496570.ogg
Black-crowned Night-Heron,bcnher/XC492759.ogg
Black-crowned Night-Heron,bcnher/XC844559.ogg
Gray Heron,graher1/XC593201.ogg
Blyth's Reed Warbler,blrwar1/XC479088.ogg
Eurasian Coot,eurcoo/XC616975.ogg
Little Egret,litegr/XC669363.ogg
Eurasian Coot,eurcoo/XC634761.ogg
Greater Racket-tailed Drongo,grtdro1/XC404417.ogg
Black-crowned Night-Heron,bcnher/XC819188.ogg
Red-whiskered Bulbul,rewbul/XC573345.ogg
Gray Heron,graher1/XC854607.ogg
Gray-headed Canary-Flycatcher,gyhcaf1/XC722655.ogg
Gray Heron,graher1/XC708483.ogg
Greenish Warbler,grewar3/XC116714.ogg
White-breasted Waterhen,whbwat1/XC756505.ogg
Greater Racket-tailed Drongo,grtdro1/XC607184.ogg
Gray Heron,graher1/XC789426.ogg
White-breasted Waterhen,whbwat1/XC579437.ogg
Little Egret,litegr/XC448898.ogg
Eurasian Coot,eurcoo/XC791776.ogg
Gray Heron,graher1/XC139810.ogg
Eurasian Coot,eurcoo/XC840852.ogg
Great Egret,greegr/XC777011.ogg
Eurasian Coot,eurcoo/XC623257.ogg
Black-crowned Night-Heron,bcnher/XC601227.ogg
Blyth's Reed Warbler,blrwar1/XC569092.ogg
Little Egret,litegr/XC692967.ogg
Black-crowned Night-Heron,bcnher/XC194386.ogg
Greater Racket-tailed Drongo,grtdro1/XC819483.ogg
Red-whiskered Bulbul,rewbul/XC700142.ogg
Eurasian Coot,eurcoo/XC803660.ogg
Rose-ringed Parakeet,rorpar/XC354836.ogg
Greater Racket-tailed Drongo,grtdro1/XC654528.ogg
Great Egret,greegr/XC582204.ogg
Greater Racket-tailed Drongo,grtdro1/XC776598.ogg
Blyth's Reed Warbler,blrwar1/XC184717.ogg
Eurasian Coot,eurcoo/XC429771.ogg
Great Egret,greegr/XC431288.ogg
Great Egret,greegr/XC606999.ogg
Little Egret,litegr/XC422126.ogg
Rose-ringed Parakeet,rorpar/XC199135.ogg
Rose-ringed Parakeet,rorpar/XC471332.ogg
Greater Racket-tailed Drongo,grtdro1/XC504750.ogg
Greenish Warbler,grewar3/XC573422.ogg
Black-crowned Night-Heron,bcnher/XC799975.ogg
Great Egret,greegr/XC720907.ogg
Gray-headed Canary-Flycatcher,gyhcaf1/XC720379.ogg
Black-crowned Night-Heron,bcnher/XC604346.ogg
Gray Heron,graher1/XC758396.ogg
Gray Heron,graher1/XC392776.ogg
Blyth's Reed Warbler,blrwar1/XC731602.ogg
Eurasian Coot,eurcoo/XC684549.ogg
Great Egret,greegr/XC428239.ogg
Eurasian Coot,eurcoo/XC709526.ogg
Greenish Warbler,grewar3/XC134198.ogg
Red-whiskered Bulbul,rewbul/XC571201.ogg
Gray-headed Canary-Flycatcher,gyhcaf1/XC719999.ogg
Black-crowned Night-Heron,bcnher/XC826993.ogg
Greenish Warbler,grewar3/XC565715.ogg
Eurasian Coot,eurcoo/XC246618.ogg
Little Egret,litegr/XC841473.ogg
Greater Racket-tailed Drongo,grtdro1/XC651708.ogg
Great Egret,greegr/XC627083.ogg
Red-whiskered Bulbul,rewbul/XC131477.ogg
Eurasian Coot,eurcoo/XC429784.ogg
Rose-ringed Parakeet,rorpar/XC356734.ogg
Little Egret,litegr/XC318093.ogg
Gray-headed Canary-Flycatcher,gyhcaf1/XC631156.ogg
Gray-headed Canary-Flycatcher,gyhcaf1/XC356186.ogg
Rose-ringed Parakeet,rorpar/XC832306.ogg
Little Egret,litegr/XC535552.ogg
Greater Racket-tailed Drongo,grtdro1/XC329484.ogg
Greenish Warbler,grewar3/XC456610.ogg
Greenish Warbler,grewar3/XC420085.ogg
Eurasian Coot,eurcoo/XC839900.ogg
Rose-ringed Parakeet,rorpar/XC340755.ogg
Blyth's Reed Warbler,blrwar1/XC192132.ogg
Greater Racket-tailed Drongo,grtdro1/XC151470.ogg
Rose-ringed Parakeet,rorpar/XC828982.ogg
Greater Racket-tailed Drongo,grtdro1/XC124717.ogg
Blyth's Reed Warbler,blrwar1/XC568657.ogg
Greenish Warbler,grewar3/XC421572.ogg
Gray-headed Canary-Flycatcher,gyhcaf1/XC267127.ogg
Rose-ringed Parakeet,rorpar/XC506681.ogg
Eurasian Coot,eurcoo/XC808756.ogg
Gray Heron,graher1/XC738120.ogg
Great Egret,greegr/XC615283.ogg
Great Egret,greegr/XC298741.ogg
Greenish Warbler,grewar3/XC430660.ogg
Gray Heron,graher1/XC695954.ogg
Eurasian Coot,eurcoo/XC544207.ogg
Gray Heron,graher1/XC673365.ogg
White-breasted Waterhen,whbwat1/XC709128.ogg
Greenish Warbler,grewar3/XC181379.ogg
Blyth's Reed Warbler,blrwar1/XC417232.ogg
Greater Racket-tailed Drongo,grtdro1/XC845765.ogg
White-breasted Waterhen,whbwat1/XC152652.ogg
White-breasted Waterhen,whbwat1/XC583630.ogg
Eurasian Coot,eurcoo/XC171037.ogg
Gray-headed Canary-Flycatcher,gyhcaf1/XC553058.ogg
Great Egret,greegr/XC257307.ogg
Blyth's Reed Warbler,blrwar1/XC178690.ogg
Blyth's Reed Warbler,blrwar1/XC662285.ogg
Eurasian Coot,eurcoo/XC168651.ogg
Rose-ringed Parakeet,rorpar/XC760108.ogg
Great Egret,greegr/XC669884.ogg
Gray-headed Canary-Flycatcher,gyhcaf1/XC601097.ogg
Gray Heron,graher1/XC742548.ogg
Eurasian Coot,eurcoo/XC540154.ogg
Greater Racket-tailed Drongo,grtdro1/XC595619.ogg
Black-crowned Night-Heron,bcnher/XC732216.ogg
Greater Racket-tailed Drongo,grtdro1/XC205342.ogg
Blyth's Reed Warbler,blrwar1/XC604028.ogg
Blyth's Reed Warbler,blrwar1/XC423669.ogg
Gray Heron,graher1/XC768106.ogg
Great Egret,greegr/XC591078.ogg
Little Egret,litegr/XC750334.ogg
Blyth's Reed Warbler,blrwar1/XC732585.ogg
Rose-ringed Parakeet,rorpar/XC812113.ogg
Black-crowned Night-Heron,bcnher/XC509469.ogg
Greater Racket-tailed Drongo,grtdro1/XC240334.ogg
Little Egret,litegr/XC592367.ogg
Gray Heron,graher1/XC441256.ogg
Gray Heron,graher1/XC496749.ogg
Greenish Warbler,grewar3/XC232980.ogg
Eurasian Coot,eurcoo/XC781812.ogg
Eurasian Coot,eurcoo/XC783376.ogg
Greater Racket-tailed Drongo,grtdro1/XC362690.ogg
Black-crowned Night-Heron,bcnher/XC665440.ogg
Greenish Warbler,grewar3/XC573225.ogg
Greenish Warbler,grewar3/XC431703.ogg
Greater Racket-tailed Drongo,grtdro1/XC397773.ogg
Black-crowned Night-Heron,bcnher/XC601829.ogg
Rose-ringed Parakeet,rorpar/XC856690.ogg
Greater Racket-tailed Drongo,grtdro1/XC576680.ogg
Rose-ringed Parakeet,rorpar/XC338695.ogg
Greenish Warbler,grewar3/XC180135.ogg
Blyth's Reed Warbler,blrwar1/XC826060.ogg
Rose-ringed Parakeet,rorpar/XC294389.ogg
Greenish Warbler,grewar3/XC568880.ogg
Red-whiskered Bulbul,rewbul/XC321616.ogg
Greenish Warbler,grewar3/XC570252.ogg
Greenish Warbler,grewar3/XC656645.ogg
Blyth's Reed Warbler,blrwar1/XC375553.ogg
Rose-ringed Parakeet,rorpar/XC757943.ogg
Gray-headed Canary-Flycatcher,gyhcaf1/XC606942.ogg
Red-whiskered Bulbul,rewbul/XC608372.ogg
Rose-ringed Parakeet,rorpar/XC294456.ogg
Greenish Warbler,grewar3/XC476638.ogg
Blyth's Reed Warbler,blrwar1/XC808109.ogg
Gray Heron,graher1/XC571480.ogg
Eurasian Coot,eurcoo/XC547396.ogg
Little Egret,litegr/XC636767.ogg
Gray Heron,graher1/XC187169.ogg
Gray Heron,graher1/XC418735.ogg
White-breasted Waterhen,whbwat1/XC435909.ogg
Gray-headed Canary-Flycatcher,gyhcaf1/XC701624.ogg
Black-crowned Night-Heron,bcnher/XC172927.ogg
Eurasian Coot,eurcoo/XC645579.ogg
Blyth's Reed Warbler,blrwar1/XC734815.ogg
Gray Heron,graher1/XC436470.ogg
Little Egret,litegr/XC756201.ogg
Greenish Warbler,grewar3/XC611643.ogg
Greater Racket-tailed Drongo,grtdro1/XC818545.ogg
Blyth's Reed Warbler,blrwar1/XC568624.ogg
Gray Heron,graher1/XC789438.ogg
Blyth's Reed Warbler,blrwar1/XC453300.ogg
Rose-ringed Parakeet,rorpar/XC612032.ogg
Greenish Warbler,grewar3/XC374674.ogg
Greater Racket-tailed Drongo,grtdro1/XC161729.ogg
Gray Heron,graher1/XC586707.ogg
Little Egret,litegr/XC748621.ogg
White-breasted Waterhen,whbwat1/XC549717.ogg
Blyth's Reed Warbler,blrwar1/XC477185.ogg
Blyth's Reed Warbler,blrwar1/XC342332.ogg
Eurasian Coot,eurcoo/XC854728.ogg
Little Egret,litegr/XC510565.ogg
Gray Heron,graher1/XC778288.ogg
Gray-headed Canary-Flycatcher,gyhcaf1/XC617625.ogg
Greenish Warbler,grewar3/XC122407.ogg
Black-crowned Night-Heron,bcnher/XC826612.ogg
Eurasian Coot,eurcoo/XC730134.ogg
Gray-headed Canary-Flycatcher,gyhcaf1/XC548367.ogg
Greenish Warbler,grewar3/XC802971.ogg
Black-crowned Night-Heron,bcnher/XC549164.ogg
Greenish Warbler,grewar3/XC266870.ogg
Blyth's Reed Warbler,blrwar1/XC568877.ogg
Greenish Warbler,grewar3/XC569817.ogg
Eurasian Coot,eurcoo/XC709292.ogg
Blyth's Reed Warbler,blrwar1/XC148506.ogg
Gray Heron,graher1/XC826762.ogg
Rose-ringed Parakeet,rorpar/XC340402.ogg
Blyth's Reed Warbler,blrwar1/XC659075.ogg
Eurasian Coot,eurcoo/XC428624.ogg
Rose-ringed Parakeet,rorpar/XC364537.ogg
Great Egret,greegr/XC167213.ogg
Greater Racket-tailed Drongo,grtdro1/XC514748.ogg
Blyth's Reed Warbler,blrwar1/XC660156.ogg
Rose-ringed Parakeet,rorpar/XC445741.ogg
Greenish Warbler,grewar3/XC377338.ogg
Rose-ringed Parakeet,rorpar/XC445740.ogg
Greater Racket-tailed Drongo,grtdro1/XC283303.ogg
White-breasted Waterhen,whbwat1/XC625039.ogg
Black-crowned Night-Heron,bcnher/XC282624.ogg
Blyth's Reed Warbler,blrwar1/XC732151.ogg
Gray-headed Canary-Flycatcher,gyhcaf1/XC684589.ogg
Gray Heron,graher1/XC555823.ogg
Blyth's Reed Warbler,blrwar1/XC506431.ogg
Black-crowned Night-Heron,bcnher/XC552934.ogg
Rose-ringed Parakeet,rorpar/XC199339.ogg
Little Egret,litegr/XC309390.ogg
Blyth's Reed Warbler,blrwar1/XC588031.ogg
Black-crowned Night-Heron,bcnher/XC508101.ogg
Eurasian Coot,eurcoo/XC312100.ogg
Gray-headed Canary-Flycatcher,gyhcaf1/XC408730.ogg
Eurasian Coot,eurcoo/XC572645.ogg
Black-crowned Night-Heron,bcnher/XC837579.ogg
White-breasted Waterhen,whbwat1/XC284523.ogg
Rose-ringed Parakeet,rorpar/XC626055.ogg
Blyth's Reed Warbler,blrwar1/XC655203.ogg
Rose-ringed Parakeet,rorpar/XC36899.ogg
Gray Heron,graher1/XC440209.ogg
Gray Heron,graher1/XC798784.ogg
Greater Racket-tailed Drongo,grtdro1/XC284776.ogg
Gray-headed Canary-Flycatcher,gyhcaf1/XC168283.ogg
Red-whiskered Bulbul,rewbul/XC360449.ogg
Blyth's Reed Warbler,blrwar1/XC321513.ogg
Gray-headed Canary-Flycatcher,gyhcaf1/XC719996.ogg
Greater Racket-tailed Drongo,grtdro1/XC175837.ogg
Black-crowned Night-Heron,bcnher/XC393153.ogg
Greenish Warbler,grewar3/XC490808.ogg
Gray Heron,graher1/XC367529.ogg
Greenish Warbler,grewar3/XC321911.ogg
Greenish Warbler,grewar3/XC591332.ogg
Greenish Warbler,grewar3/XC587360.ogg
Great Egret,greegr/XC468531.ogg
Gray-headed Canary-Flycatcher,gyhcaf1/XC242468.ogg
Blyth's Reed Warbler,blrwar1/XC572563.ogg
Black-crowned Night-Heron,bcnher/XC130501.ogg
Eurasian Coot,eurcoo/XC772766.ogg
Black-crowned Night-Heron,bcnher/XC85246.ogg
Eurasian Coot,eurcoo/XC176779.ogg
Eurasian Coot,eurcoo/XC623874.ogg
Eurasian Coot,eurcoo/XC355583.ogg
Little Egret,litegr/XC641657.ogg
Black-crowned Night-Heron,bcnher/XC553848.ogg
Blyth's Reed Warbler,blrwar1/XC420786.ogg
Greater Racket-tailed Drongo,grtdro1/XC162996.ogg
White-breasted Waterhen,whbwat1/XC318468.ogg
Greenish Warbler,grewar3/XC355994.ogg
Eurasian Coot,eurcoo/XC501888.ogg
Blyth's Reed Warbler,blrwar1/XC519731.ogg
Gray Heron,graher1/XC707306.ogg
Black-crowned Night-Heron,bcnher/XC646781.ogg
Red-whiskered Bulbul,rewbul/XC301704.ogg
Greater Racket-tailed Drongo,grtdro1/XC683314.ogg
Blyth's Reed Warbler,blrwar1/XC732230.ogg
Little Egret,litegr/XC187712.ogg
Gray Heron,graher1/XC844555.ogg
Greenish Warbler,grewar3/XC577745.ogg
Gray Heron,graher1/XC391014.ogg
Greater Racket-tailed Drongo,grtdro1/XC196743.ogg
Eurasian Coot,eurcoo/XC674448.ogg
Black-crowned Night-Heron,bcnher/XC632420.ogg
Eurasian Coot,eurcoo/XC548458.ogg
Greater Racket-tailed Drongo,grtdro1/XC424217.ogg
Blyth's Reed Warbler,blrwar1/XC621304.ogg
Black-crowned Night-Heron,bcnher/XC288326.ogg
Gray Heron,graher1/XC807507.ogg
Rose-ringed Parakeet,rorpar/XC310531.ogg
Black-crowned Night-Heron,bcnher/XC341753.ogg
White-breasted Waterhen,whbwat1/XC396583.ogg
Greater Racket-tailed Drongo,grtdro1/XC372110.ogg
Black-crowned Night-Heron,bcnher/XC789514.ogg
Great Egret,greegr/XC737360.ogg
Great Egret,greegr/XC515993.ogg
Black-crowned Night-Heron,bcnher/XC572833.ogg
Greater Racket-tailed Drongo,grtdro1/XC336528.ogg
Blyth's Reed Warbler,blrwar1/XC826057.ogg
Blyth's Reed Warbler,blrwar1/XC653540.ogg
Little Egret,litegr/XC647431.ogg
Blyth's Reed Warbler,blrwar1/XC732559.ogg
Black-crowned Night-Heron,bcnher/XC276735.ogg
Gray Heron,graher1/XC489441.ogg
Blyth's Reed Warbler,blrwar1/XC572385.ogg
Eurasian Coot,eurcoo/XC613334.ogg
Blyth's Reed Warbler,blrwar1/XC807194.ogg
Eurasian Coot,eurcoo/XC712124.ogg
White-breasted Waterhen,whbwat1/XC207874.ogg
Greater Racket-tailed Drongo,grtdro1/XC721648.ogg
Gray-headed Canary-Flycatcher,gyhcaf1/XC720380.ogg
Greater Racket-tailed Drongo,grtdro1/XC213914.ogg
Greater Racket-tailed Drongo,grtdro1/XC684257.ogg
Greenish Warbler,grewar3/XC150182.ogg
Great Egret,greegr/XC679024.ogg
Gray Heron,graher1/XC659606.ogg
Greater Racket-tailed Drongo,grtdro1/XC197119.ogg
Gray Heron,graher1/XC467373.ogg
Little Egret,litegr/XC843447.ogg
Little Egret,litegr/XC638193.ogg
Gray-headed Canary-Flycatcher,gyhcaf1/XC266977.ogg
Gray-headed Canary-Flycatcher,gyhcaf1/XC307400.ogg
Eurasian Coot,eurcoo/XC796333.ogg
Greenish Warbler,grewar3/XC347400.ogg
Black-crowned Night-Heron,bcnher/XC574400.ogg
Red-whiskered Bulbul,rewbul/XC460803.ogg
Blyth's Reed Warbler,blrwar1/XC182274.ogg
Greater Racket-tailed Drongo,grtdro1/XC304311.ogg
Rose-ringed Parakeet,rorpar/XC398972.ogg
Rose-ringed Parakeet,rorpar/XC619126.ogg
Little Egret,litegr/XC841001.ogg
Black-crowned Night-Heron,bcnher/XC496729.ogg
Rose-ringed Parakeet,rorpar/XC157418.ogg
Greenish Warbler,grewar3/XC775623.ogg
Blyth's Reed Warbler,blrwar1/XC466292.ogg
Rose-ringed Parakeet,rorpar/XC581310.ogg
Gray Heron,graher1/XC434685.ogg
Greater Racket-tailed Drongo,grtdro1/XC756526.ogg
Gray-headed Canary-Flycatcher,gyhcaf1/XC599183.ogg
Gray Heron,graher1/XC836039.ogg
Eurasian Coot,eurcoo/XC375153.ogg
Gray Heron,graher1/XC829348.ogg
Great Egret,greegr/XC515940.ogg
Blyth's Reed Warbler,blrwar1/XC809377.ogg
Great Egret,greegr/XC161538.ogg
Blyth's Reed Warbler,blrwar1/XC568759.ogg
Red-whiskered Bulbul,rewbul/XC724558.ogg
Rose-ringed Parakeet,rorpar/XC309170.ogg
Eurasian Coot,eurcoo/XC794611.ogg
Blyth's Reed Warbler,blrwar1/XC185455.ogg
Red-whiskered Bulbul,rewbul/XC215848.ogg
Black-crowned Night-Heron,bcnher/XC493181.ogg
White-breasted Waterhen,whbwat1/XC659585.ogg
Blyth's Reed Warbler,blrwar1/XC182596.ogg
Great Egret,greegr/XC598700.ogg
Blyth's Reed Warbler,blrwar1/XC345787.ogg
Gray Heron,graher1/XC200117.ogg
Blyth's Reed Warbler,blrwar1/XC734269.ogg
Blyth's Reed Warbler,blrwar1/XC712873.ogg
Greenish Warbler,grewar3/XC838979.ogg
Gray-headed Canary-Flycatcher,gyhcaf1/XC368339.ogg
Rose-ringed Parakeet,rorpar/XC354582.ogg
Greenish Warbler,grewar3/XC809239.ogg
Eurasian Coot,eurcoo/XC367466.ogg
Gray Heron,graher1/XC692944.ogg
Black-crowned Night-Heron,bcnher/XC493572.ogg
Black-crowned Night-Heron,bcnher/XC544373.ogg
Blyth's Reed Warbler,blrwar1/XC826779.ogg
Gray-headed Canary-Flycatcher,gyhcaf1/XC116624.ogg
Greater Racket-tailed Drongo,grtdro1/XC621762.ogg
Eurasian Coot,eurcoo/XC406284.ogg
Greenish Warbler,grewar3/XC604040.ogg
Blyth's Reed Warbler,blrwar1/XC611502.ogg
Blyth's Reed Warbler,blrwar1/XC655703.ogg
Blyth's Reed Warbler,blrwar1/XC181308.ogg
Greater Racket-tailed Drongo,grtdro1/XC244338.ogg
Gray Heron,graher1/XC128824.ogg
Eurasian Coot,eurcoo/XC610589.ogg
Rose-ringed Parakeet,rorpar/XC695604.ogg
Gray Heron,graher1/XC382551.ogg
Great Egret,greegr/XC663143.ogg
Greater Racket-tailed Drongo,grtdro1/XC150852.ogg
Rose-ringed Parakeet,rorpar/XC681557.ogg
Greater Racket-tailed Drongo,grtdro1/XC263816.ogg
Little Egret,litegr/XC856824.ogg
Rose-ringed Parakeet,rorpar/XC322411.ogg
Eurasian Coot,eurcoo/XC596457.ogg
Rose-ringed Parakeet,rorpar/XC496599.ogg
White-breasted Waterhen,whbwat1/XC190858.ogg
Great Egret,greegr/XC447826.ogg
Eurasian Coot,eurcoo/XC620664.ogg
Great Egret,greegr/XC147337.ogg
Eurasian Coot,eurcoo/XC558305.ogg
Blyth's Reed Warbler,blrwar1/XC420800.ogg
Eurasian Coot,eurcoo/XC622208.ogg
Gray Heron,graher1/XC310442.ogg
White-breasted Waterhen,whbwat1/XC730886.ogg
Greenish Warbler,grewar3/XC145183.ogg
Gray-headed Canary-Flycatcher,gyhcaf1/XC431554.ogg
Greater Racket-tailed Drongo,grtdro1/XC362757.ogg
Gray Heron,graher1/XC684243.ogg
Blyth's Reed Warbler,blrwar1/XC731542.ogg
Gray Heron,graher1/XC728116.ogg
White-breasted Waterhen,whbwat1/XC650149.ogg
Greenish Warbler,grewar3/XC507249.ogg
Little Egret,litegr/XC574139.ogg
Blyth's Reed Warbler,blrwar1/XC574716.ogg
Gray-headed Canary-Flycatcher,gyhcaf1/XC19710.ogg
Rose-ringed Parakeet,rorpar/XC315871.ogg
Gray Heron,graher1/XC764302.ogg
Black-crowned Night-Heron,bcnher/XC829187.ogg
Gray Heron,graher1/XC758780.ogg
Little Egret,litegr/XC685743.ogg
Gray-headed Canary-Flycatcher,gyhcaf1/XC612681.ogg
Greenish Warbler,grewar3/XC810788.ogg
Great Egret,greegr/XC613310.ogg
Rose-ringed Parakeet,rorpar/XC309096.ogg
Eurasian Coot,eurcoo/XC597486.ogg
Black-crowned Night-Heron,bcnher/XC577785.ogg
Greater Racket-tailed Drongo,grtdro1/XC303535.ogg
Blyth's Reed Warbler,blrwar1/XC611648.ogg
Eurasian Coot,eurcoo/XC382661.ogg
Greenish Warbler,grewar3/XC247656.ogg
Gray Heron,graher1/XC782094.ogg
Rose-ringed Parakeet,rorpar/XC267021.ogg
Eurasian Coot,eurcoo/XC833722.ogg
Gray Heron,graher1/XC801088.ogg
Blyth's Reed Warbler,blrwar1/XC732176.ogg
Red-whiskered Bulbul,rewbul/XC578212.ogg
Greater Racket-tailed Drongo,grtdro1/XC476256.ogg
Gray-headed Canary-Flycatcher,gyhcaf1/XC292230.ogg
Black-crowned Night-Heron,bcnher/XC800503.ogg
Eurasian Coot,eurcoo/XC614400.ogg
Greenish Warbler,grewar3/XC608692.ogg
Blyth's Reed Warbler,blrwar1/XC330965.ogg
Gray-headed Canary-Flycatcher,gyhcaf1/XC210668.ogg
Gray Heron,graher1/XC807035.ogg
Greenish Warbler,grewar3/XC494854.ogg
Blyth's Reed Warbler,blrwar1/XC184125.ogg
Gray Heron,graher1/XC307238.ogg
Blyth's Reed Warbler,blrwar1/XC826766.ogg
White-breasted Waterhen,whbwat1/XC442852.ogg
Gray-headed Canary-Flycatcher,gyhcaf1/XC151229.ogg
Eurasian Coot,eurcoo/XC637767.ogg
Greater Racket-tailed Drongo,grtdro1/XC396817.ogg
Great Egret,greegr/XC447429.ogg
Greenish Warbler,grewar3/XC769348.ogg
Black-crowned Night-Heron,bcnher/XC549290.ogg
Greater Racket-tailed Drongo,grtdro1/XC151067.ogg
Red-whiskered Bulbul,rewbul/XC840807.ogg
Gray Heron,graher1/XC726331.ogg
Little Egret,litegr/XC667840.ogg
Black-crowned Night-Heron,bcnher/XC763193.ogg
Red-whiskered Bulbul,rewbul/XC657057.ogg
Rose-ringed Parakeet,rorpar/XC740700.ogg
Rose-ringed Parakeet,rorpar/XC783589.ogg
White-breasted Waterhen,whbwat1/XC432691.ogg
Eurasian Coot,eurcoo/XC855706.ogg
Blyth's Reed Warbler,blrwar1/XC660158.ogg
Black-crowned Night-Heron,bcnher/XC610143.ogg
Eurasian Coot,eurcoo/XC790789.ogg
Little Egret,litegr/XC606161.ogg
Gray Heron,graher1/XC672049.ogg
White-breasted Waterhen,whbwat1/XC232832.ogg
Greenish Warbler,grewar3/XC181958.ogg
Black-crowned Night-Heron,bcnher/XC528094.ogg
Greenish Warbler,grewar3/XC652509.ogg
Blyth's Reed Warbler,blrwar1/XC506494.ogg
Gray Heron,graher1/XC824809.ogg
Blyth's Reed Warbler,blrwar1/XC732838.ogg
Eurasian Coot,eurcoo/XC550266.ogg
White-breasted Waterhen,whbwat1/XC362694.ogg
Black-crowned Night-Heron,bcnher/XC829464.ogg
Greater Racket-tailed Drongo,grtdro1/XC490548.ogg
Black-crowned Night-Heron,bcnher/XC344142.ogg
Black-crowned Night-Heron,bcnher/XC722928.ogg
Great Egret,greegr/XC304770.ogg
Great Egret,greegr/XC158114.ogg
White-breasted Waterhen,whbwat1/XC797495.ogg
Black-crowned Night-Heron,bcnher/XC433099.ogg
Gray Heron,graher1/XC798056.ogg
Red-whiskered Bulbul,rewbul/XC496061.ogg
Gray Heron,graher1/XC543834.ogg
Gray Heron,graher1/XC667492.ogg
Greenish Warbler,grewar3/XC483792.ogg
Rose-ringed Parakeet,rorpar/XC304930.ogg
Gray Heron,graher1/XC362547.ogg
Gray Heron,graher1/XC738682.ogg
Blyth's Reed Warbler,blrwar1/XC478393.ogg
Greater Racket-tailed Drongo,grtdro1/XC40036.ogg
Eurasian Coot,eurcoo/XC667776.ogg
Greenish Warbler,grewar3/XC184025.ogg
Black-crowned Night-Heron,bcnher/XC731044.ogg
Red-whiskered Bulbul,rewbul/XC462797.ogg
Gray-headed Canary-Flycatcher,gyhcaf1/XC269586.ogg
Gray-headed Canary-Flycatcher,gyhcaf1/XC92655.ogg
Gray Heron,graher1/XC513447.ogg
Blyth's Reed Warbler,blrwar1/XC661761.ogg
Great Egret,greegr/XC397338.ogg
Eurasian Coot,eurcoo/XC496744.ogg
Little Egret,litegr/XC365481.ogg
Greenish Warbler,grewar3/XC388039.ogg
Blyth's Reed Warbler,blrwar1/XC376504.ogg
Gray-headed Canary-Flycatcher,gyhcaf1/XC720381.ogg
Little Egret,litegr/XC726581.ogg
Rose-ringed Parakeet,rorpar/XC35091.ogg
Eurasian Coot,eurcoo/XC776591.ogg
Eurasian Coot,eurcoo/XC605089.ogg
White-breasted Waterhen,whbwat1/XC365725.ogg
Gray Heron,graher1/XC504803.ogg
Black-crowned Night-Heron,bcnher/XC547408.ogg
Gray-headed Canary-Flycatcher,gyhcaf1/XC531693.ogg
Black-crowned Night-Heron,bcnher/XC680550.ogg
Greenish Warbler,grewar3/XC653521.ogg
Great Egret,greegr/XC116542.ogg
Blyth's Reed Warbler,blrwar1/XC118223.ogg
Little Egret,litegr/XC768916.ogg
Black-crowned Night-Heron,bcnher/XC542112.ogg
Gray Heron,graher1/XC618688.ogg
Gray-headed Canary-Flycatcher,gyhcaf1/XC19711.ogg
Blyth's Reed Warbler,blrwar1/XC565329.ogg
Eurasian Coot,eurcoo/XC358928.ogg
Rose-ringed Parakeet,rorpar/XC163097.ogg
Greater Racket-tailed Drongo,grtdro1/XC756525.ogg
Gray-headed Canary-Flycatcher,gyhcaf1/XC445539.ogg
Gray Heron,graher1/XC434601.ogg
Great Egret,greegr/XC406077.ogg
White-breasted Waterhen,whbwat1/XC607927.ogg
Blyth's Reed Warbler,blrwar1/XC151361.ogg
Gray Heron,graher1/XC748098.ogg
Rose-ringed Parakeet,rorpar/XC756545.ogg
Blyth's Reed Warbler,blrwar1/XC232979.ogg
Rose-ringed Parakeet,rorpar/XC534457.ogg
Gray-headed Canary-Flycatcher,gyhcaf1/XC464785.ogg
Greenish Warbler,grewar3/XC478728.ogg
Gray Heron,graher1/XC569913.ogg
White-breasted Waterhen,whbwat1/XC198538.ogg
Blyth's Reed Warbler,blrwar1/XC324929.ogg
Little Egret,litegr/XC836507.ogg
White-breasted Waterhen,whbwat1/XC577914.ogg
Gray-headed Canary-Flycatcher,gyhcaf1/XC855806.ogg
Gray Heron,graher1/XC710423.ogg
Blyth's Reed Warbler,blrwar1/XC420666.ogg
Gray-headed Canary-Flycatcher,gyhcaf1/XC264972.ogg
Blyth's Reed Warbler,blrwar1/XC805580.ogg
Greenish Warbler,grewar3/XC26761.ogg
Little Egret,litegr/XC505653.ogg
Greater Racket-tailed Drongo,grtdro1/XC440138.ogg
Red-whiskered Bulbul,rewbul/XC722774.ogg
Rose-ringed Parakeet,rorpar/XC207014.ogg
Gray Heron,graher1/XC497257.ogg
Great Egret,greegr/XC794542.ogg
Gray Heron,graher1/XC673977.ogg
Little Egret,litegr/XC632950.ogg
Gray Heron,graher1/XC770918.ogg
Great Egret,greegr/XC109029.ogg
Red-whiskered Bulbul,rewbul/XC546077.ogg
Greater Racket-tailed Drongo,grtdro1/XC316688.ogg
Blyth's Reed Warbler,blrwar1/XC19604.ogg
Gray Heron,graher1/XC518945.ogg
Blyth's Reed Warbler,blrwar1/XC145208.ogg
Gray Heron,graher1/XC432231.ogg
Blyth's Reed Warbler,blrwar1/XC214083.ogg
Greenish Warbler,grewar3/XC187080.ogg
Red-whiskered Bulbul,rewbul/XC404132.ogg
Gray-headed Canary-Flycatcher,gyhcaf1/XC857683.ogg
Gray Heron,graher1/XC669217.ogg
Eurasian Coot,eurcoo/XC433121.ogg
Great Egret,greegr/XC764651.ogg
Black-crowned Night-Heron,bcnher/XC631639.ogg
Black-crowned Night-Heron,bcnher/XC712829.ogg
Eurasian Coot,eurcoo/XC709590.ogg
Rose-ringed Parakeet,rorpar/XC600866.ogg
Little Egret,litegr/XC585643.ogg
Gray Heron,graher1/XC695751.ogg
Eurasian Coot,eurcoo/XC540685.ogg
White-breasted Waterhen,whbwat1/XC438346.ogg
Greater Racket-tailed Drongo,grtdro1/XC116552.ogg
Little Egret,litegr/XC757555.ogg
Little Egret,litegr/XC774258.ogg
Rose-ringed Parakeet,rorpar/XC600642.ogg
Rose-ringed Parakeet,rorpar/XC513544.ogg
Greenish Warbler,grewar3/XC137535.ogg
Gray Heron,graher1/XC586235.ogg
Great Egret,greegr/XC422107.ogg
Red-whiskered Bulbul,rewbul/XC304469.ogg
White-breasted Waterhen,whbwat1/XC783708.ogg
Great Egret,greegr/XC321346.ogg
Black-crowned Night-Heron,bcnher/XC675226.ogg
Black-crowned Night-Heron,bcnher/XC432143.ogg
Greater Racket-tailed Drongo,grtdro1/XC610728.ogg
Black-crowned Night-Heron,bcnher/XC829572.ogg
Rose-ringed Parakeet,rorpar/XC695377.ogg
Gray-headed Canary-Flycatcher,gyhcaf1/XC720387.ogg
Greenish Warbler,grewar3/XC120445.ogg
Black-crowned Night-Heron,bcnher/XC748330.ogg
Gray-headed Canary-Flycatcher,gyhcaf1/XC845763.ogg
Blyth's Reed Warbler,blrwar1/XC234437.ogg
Blyth's Reed Warbler,blrwar1/XC660691.ogg
Eurasian Coot,eurcoo/XC789437.ogg
Blyth's Reed Warbler,blrwar1/XC180070.ogg
Black-crowned Night-Heron,bcnher/XC547032.ogg
White-breasted Waterhen,whbwat1/XC797439.ogg
Eurasian Coot,eurcoo/XC461324.ogg
Great Egret,greegr/XC425957.ogg
Gray Heron,graher1/XC696820.ogg
Rose-ringed Parakeet,rorpar/XC651773.ogg
Little Egret,litegr/XC596990.ogg
Little Egret,litegr/XC611627.ogg
Red-whiskered Bulbul,rewbul/XC365206.ogg
Greater Racket-tailed Drongo,grtdro1/XC632036.ogg
Little Egret,litegr/XC236581.ogg
Great Egret,greegr/XC150992.ogg
Gray-headed Canary-Flycatcher,gyhcaf1/XC304711.ogg
Eurasian Coot,eurcoo/XC477282.ogg
Greater Racket-tailed Drongo,grtdro1/XC684720.ogg
White-breasted Waterhen,whbwat1/XC764948.ogg
Black-crowned Night-Heron,bcnher/XC610157.ogg
Great Egret,greegr/XC452101.ogg
Gray Heron,graher1/XC665146.ogg
Black-crowned Night-Heron,bcnher/XC550542.ogg
Black-crowned Night-Heron,bcnher/XC542153.ogg
Greenish Warbler,grewar3/XC792613.ogg
Little Egret,litegr/XC188332.ogg
Great Egret,greegr/XC198099.ogg
Blyth's Reed Warbler,blrwar1/XC158483.ogg
Black-crowned Night-Heron,bcnher/XC633127.ogg
Greenish Warbler,grewar3/XC684284.ogg
White-breasted Waterhen,whbwat1/XC414441.ogg
Greenish Warbler,grewar3/XC776095.ogg
Red-whiskered Bulbul,rewbul/XC706117.ogg
Blyth's Reed Warbler,blrwar1/XC572131.ogg
Rose-ringed Parakeet,rorpar/XC37588.ogg
Great Egret,greegr/XC678001.ogg
Red-whiskered Bulbul,rewbul/XC400969.ogg
Little Egret,litegr/XC779145.ogg
Rose-ringed Parakeet,rorpar/XC622015.ogg
Great Egret,greegr/XC673449.ogg
Gray-headed Canary-Flycatcher,gyhcaf1/XC162997.ogg
Great Egret,greegr/XC694714.ogg
Gray Heron,graher1/XC334074.ogg
Blyth's Reed Warbler,blrwar1/XC488579.ogg
Gray Heron,graher1/XC56770.ogg
Gray Heron,graher1/XC802297.ogg
Rose-ringed Parakeet,rorpar/XC545568.ogg
Greater Racket-tailed Drongo,grtdro1/XC603509.ogg
Great Egret,greegr/XC452999.ogg
Black-crowned Night-Heron,bcnher/XC669545.ogg
Blyth's Reed Warbler,blrwar1/XC444687.ogg
Great Egret,greegr/XC751146.ogg
Black-crowned Night-Heron,bcnher/XC373688.ogg
Blyth's Reed Warbler,blrwar1/XC174327.ogg
Great Egret,greegr/XC570049.ogg
Eurasian Coot,eurcoo/XC551713.ogg
Greenish Warbler,grewar3/XC569297.ogg
Blyth's Reed Warbler,blrwar1/XC806243.ogg
Blyth's Reed Warbler,blrwar1/XC478106.ogg
Gray Heron,graher1/XC546297.ogg
Rose-ringed Parakeet,rorpar/XC36478.ogg
Great Egret,greegr/XC365950.ogg
Little Egret,litegr/XC518525.ogg
Greenish Warbler,grewar3/XC249128.ogg
Black-crowned Night-Heron,bcnher/XC720542.ogg
Gray-headed Canary-Flycatcher,gyhcaf1/XC583755.ogg
Greenish Warbler,grewar3/XC246723.ogg
Rose-ringed Parakeet,rorpar/XC770082.ogg
Black-crowned Night-Heron,bcnher/XC755741.ogg
Gray-headed Canary-Flycatcher,gyhcaf1/XC769352.ogg
Great Egret,greegr/XC149108.ogg
Gray Heron,graher1/XC844523.ogg
Black-crowned Night-Heron,bcnher/XC829373.ogg
Eurasian Coot,eurcoo/XC148767.ogg
Eurasian Coot,eurcoo/XC819364.ogg
Eurasian Coot,eurcoo/XC622112.ogg
Red-whiskered Bulbul,rewbul/XC293226.ogg
Black-crowned Night-Heron,bcnher/XC755591.ogg
Blyth's Reed Warbler,blrwar1/XC807127.ogg
Red-whiskered Bulbul,rewbul/XC855229.ogg
Gray Heron,graher1/XC391304.ogg
Blyth's Reed Warbler,blrwar1/XC252526.ogg
Gray Heron,graher1/XC712491.ogg
Blyth's Reed Warbler,blrwar1/XC573531.ogg
Greater Racket-tailed Drongo,grtdro1/XC684829.ogg
Gray Heron,graher1/XC839138.ogg
Greenish Warbler,grewar3/XC116619.ogg
Black-crowned Night-Heron,bcnher/XC189778.ogg
Black-crowned Night-Heron,bcnher/XC575510.ogg
Black-crowned Night-Heron,bcnher/XC684949.ogg
Gray-headed Canary-Flycatcher,gyhcaf1/XC384453.ogg
Blyth's Reed Warbler,blrwar1/XC247738.ogg
Rose-ringed Parakeet,rorpar/XC361722.ogg
Greenish Warbler,grewar3/XC457382.ogg
Rose-ringed Parakeet,rorpar/XC809261.ogg
Eurasian Coot,eurcoo/XC633391.ogg
Greenish Warbler,grewar3/XC266051.ogg
Blyth's Reed Warbler,blrwar1/XC660430.ogg
Greenish Warbler,grewar3/XC580306.ogg
Black-crowned Night-Heron,bcnher/XC540547.ogg
Rose-ringed Parakeet,rorpar/XC267519.ogg
Greater Racket-tailed Drongo,grtdro1/XC723384.ogg
White-breasted Waterhen,whbwat1/XC474096.ogg
Greenish Warbler,grewar3/XC576341.ogg
Rose-ringed Parakeet,rorpar/XC716806.ogg
Gray-headed Canary-Flycatcher,gyhcaf1/XC630377.ogg
Blyth's Reed Warbler,blrwar1/XC654621.ogg
Eurasian Coot,eurcoo/XC714561.ogg
Black-crowned Night-Heron,bcnher/XC712079.ogg
Black-crowned Night-Heron,bcnher/XC718092.ogg
Blyth's Reed Warbler,blrwar1/XC826787.ogg
Little Egret,litegr/XC678109.ogg
Blyth's Reed Warbler,blrwar1/XC572902.ogg
Eurasian Coot,eurcoo/XC668597.ogg
Black-crowned Night-Heron,bcnher/XC833091.ogg
Great Egret,greegr/XC518943.ogg
Black-crowned Night-Heron,bcnher/XC671619.ogg
Eurasian Coot,eurcoo/XC629412.ogg
Black-crowned Night-Heron,bcnher/XC241679.ogg
White-breasted Waterhen,whbwat1/XC818183.ogg
Red-whiskered Bulbul,rewbul/XC793366.ogg
Rose-ringed Parakeet,rorpar/XC638006.ogg
Red-whiskered Bulbul,rewbul/XC304449.ogg
Gray-headed Canary-Flycatcher,gyhcaf1/XC424608.ogg
Red-whiskered Bulbul,rewbul/XC462813.ogg
Gray-headed Canary-Flycatcher,gyhcaf1/XC606333.ogg
Eurasian Coot,eurcoo/XC190771.ogg
Gray-headed Canary-Flycatcher,gyhcaf1/XC841099.ogg
Blyth's Reed Warbler,blrwar1/XC503974.ogg
Eurasian Coot,eurcoo/XC553627.ogg
Black-crowned Night-Heron,bcnher/XC733160.ogg
Black-crowned Night-Heron,bcnher/XC829193.ogg
Rose-ringed Parakeet,rorpar/XC511968.ogg
Greater Racket-tailed Drongo,grtdro1/XC684708.ogg
Gray Heron,graher1/XC857972.ogg
Gray Heron,graher1/XC740192.ogg
Blyth's Reed Warbler,blrwar1/XC566278.ogg
Red-whiskered Bulbul,rewbul/XC289671.ogg
Greenish Warbler,grewar3/XC572519.ogg
Greenish Warbler,grewar3/XC560115.ogg
Gray Heron,graher1/XC836753.ogg
Greater Racket-tailed Drongo,grtdro1/XC601419.ogg
Eurasian Coot,eurcoo/XC695743.ogg
Greater Racket-tailed Drongo,grtdro1/XC190842.ogg
Great Egret,greegr/XC129041.ogg
Greater Racket-tailed Drongo,grtdro1/XC398480.ogg
Gray Heron,graher1/XC587290.ogg
Rose-ringed Parakeet,rorpar/XC464045.ogg
Blyth's Reed Warbler,blrwar1/XC729385.ogg
Red-whiskered Bulbul,rewbul/XC767513.ogg
Greenish Warbler,grewar3/XC415283.ogg
Blyth's Reed Warbler,blrwar1/XC138157.ogg
Blyth's Reed Warbler,blrwar1/XC655340.ogg
White-breasted Waterhen,whbwat1/XC756508.ogg
Blyth's Reed Warbler,blrwar1/XC135834.ogg
Little Egret,litegr/XC827349.ogg
Gray Heron,graher1/XC750564.ogg
Little Egret,litegr/XC423133.ogg
Little Egret,litegr/XC790717.ogg
Rose-ringed Parakeet,rorpar/XC831369.ogg
Gray Heron,graher1/XC764657.ogg
Greenish Warbler,grewar3/XC377167.ogg
Greenish Warbler,grewar3/XC319865.ogg
Greenish Warbler,grewar3/XC420478.ogg
Gray Heron,graher1/XC384463.ogg
Blyth's Reed Warbler,blrwar1/XC563156.ogg
Great Egret,greegr/XC357981.ogg
Greenish Warbler,grewar3/XC561035.ogg
Black-crowned Night-Heron,bcnher/XC765400.ogg
Rose-ringed Parakeet,rorpar/XC579355.ogg
Blyth's Reed Warbler,blrwar1/XC656148.ogg
Gray Heron,graher1/XC560711.ogg
Black-crowned Night-Heron,bcnher/XC579688.ogg
Greater Racket-tailed Drongo,grtdro1/XC152815.ogg
Black-crowned Night-Heron,bcnher/XC806129.ogg
Gray-headed Canary-Flycatcher,gyhcaf1/XC293442.ogg
Little Egret,litegr/XC807314.ogg
Greater Racket-tailed Drongo,grtdro1/XC305707.ogg
Blyth's Reed Warbler,blrwar1/XC564086.ogg
White-breasted Waterhen,whbwat1/XC797427.ogg
Eurasian Coot,eurcoo/XC631410.ogg
Great Egret,greegr/XC257310.ogg
Gray Heron,graher1/XC381572.ogg
Greenish Warbler,grewar3/XC306992.ogg
Little Egret,litegr/XC685031.ogg
Great Egret,greegr/XC361135.ogg
Greater Racket-tailed Drongo,grtdro1/XC683297.ogg
Rose-ringed Parakeet,rorpar/XC200786.ogg
Greenish Warbler,grewar3/XC375796.ogg
Eurasian Coot,eurcoo/XC833022.ogg
Blyth's Reed Warbler,blrwar1/XC688674.ogg
Rose-ringed Parakeet,rorpar/XC559630.ogg
Gray Heron,graher1/XC555768.ogg
Gray Heron,graher1/XC544874.ogg
Blyth's Reed Warbler,blrwar1/XC655922.ogg
Greater Racket-tailed Drongo,grtdro1/XC783077.ogg
Greater Racket-tailed Drongo,grtdro1/XC684399.ogg
Red-whiskered Bulbul,rewbul/XC595855.ogg
Red-whiskered Bulbul,rewbul/XC304898.ogg
Eurasian Coot,eurcoo/XC536802.ogg
Red-whiskered Bulbul,rewbul/XC187044.ogg
Gray-headed Canary-Flycatcher,gyhcaf1/XC382822.ogg
White-breasted Waterhen,whbwat1/XC576723.ogg
Eurasian Coot,eurcoo/XC787718.ogg
Little Egret,litegr/XC743010.ogg
Eurasian Coot,eurcoo/XC465799.ogg
Rose-ringed Parakeet,rorpar/XC475256.ogg
Gray-headed Canary-Flycatcher,gyhcaf1/XC399095.ogg
Gray-headed Canary-Flycatcher,gyhcaf1/XC805189.ogg
White-breasted Waterhen,whbwat1/XC809598.ogg
Little Egret,litegr/XC403160.ogg
Eurasian Coot,eurcoo/XC307358.ogg
Great Egret,greegr/XC345092.ogg
Little Egret,litegr/XC581185.ogg
Black-crowned Night-Heron,bcnher/XC545676.ogg
Rose-ringed Parakeet,rorpar/XC784680.ogg
Blyth's Reed Warbler,blrwar1/XC567838.ogg
Blyth's Reed Warbler,blrwar1/XC420431.ogg
Gray Heron,graher1/XC624449.ogg
Rose-ringed Parakeet,rorpar/XC796890.ogg
Great Egret,greegr/XC247286.ogg
Little Egret,litegr/XC526737.ogg
Great Egret,greegr/XC765285.ogg
Little Egret,litegr/XC667651.ogg
Greenish Warbler,grewar3/XC807268.ogg
Eurasian Coot,eurcoo/XC844244.ogg
Eurasian Coot,eurcoo/XC189936.ogg
Rose-ringed Parakeet,rorpar/XC856224.ogg
Eurasian Coot,eurcoo/XC483697.ogg
Greenish Warbler,grewar3/XC824532.ogg
Red-whiskered Bulbul,rewbul/XC208578.ogg
Blyth's Reed Warbler,blrwar1/XC810149.ogg
Eurasian Coot,eurcoo/XC428629.ogg
Blyth's Reed Warbler,blrwar1/XC561869.ogg
Eurasian Coot,eurcoo/XC645885.ogg
Gray Heron,graher1/XC419135.ogg
Gray Heron,graher1/XC267063.ogg
Black-crowned Night-Heron,bcnher/XC376571.ogg
Blyth's Reed Warbler,blrwar1/XC650738.ogg
Gray Heron,graher1/XC831394.ogg
Eurasian Coot,eurcoo/XC651220.ogg
Rose-ringed Parakeet,rorpar/XC687960.ogg
Great Egret,greegr/XC130689.ogg
Blyth's Reed Warbler,blrwar1/XC150008.ogg
Eurasian Coot,eurcoo/XC548873.ogg
Gray Heron,graher1/XC817739.ogg
Gray Heron,graher1/XC403593.ogg
Gray Heron,graher1/XC619358.ogg
Gray Heron,graher1/XC439391.ogg
Eurasian Coot,eurcoo/XC740248.ogg
Blyth's Reed Warbler,blrwar1/XC654475.ogg
Little Egret,litegr/XC412253.ogg
Eurasian Coot,eurcoo/XC780812.ogg
Gray-headed Canary-Flycatcher,gyhcaf1/XC163485.ogg
Blyth's Reed Warbler,blrwar1/XC654181.ogg
Eurasian Coot,eurcoo/XC635736.ogg
Greater Racket-tailed Drongo,grtdro1/XC466799.ogg
Great Egret,greegr/XC167719.ogg
Greenish Warbler,grewar3/XC652501.ogg
Blyth's Reed Warbler,blrwar1/XC654515.ogg
Blyth's Reed Warbler,blrwar1/XC563358.ogg
Gray Heron,graher1/XC791097.ogg
Greenish Warbler,grewar3/XC163408.ogg
Rose-ringed Parakeet,rorpar/XC650137.ogg
Greenish Warbler,grewar3/XC348261.ogg
Eurasian Coot,eurcoo/XC463603.ogg
Eurasian Coot,eurcoo/XC628531.ogg
Red-whiskered Bulbul,rewbul/XC779885.ogg
Eurasian Coot,eurcoo/XC624204.ogg
Little Egret,litegr/XC672908.ogg
Greenish Warbler,grewar3/XC197148.ogg
Gray Heron,graher1/XC788486.ogg
Red-whiskered Bulbul,rewbul/XC306398.ogg
Greater Racket-tailed Drongo,grtdro1/XC357473.ogg
Black-crowned Night-Heron,bcnher/XC588797.ogg
Little Egret,litegr/XC645728.ogg
Black-crowned Night-Heron,bcnher/XC657570.ogg
Little Egret,litegr/XC683896.ogg
Greenish Warbler,grewar3/XC134760.ogg
Eurasian Coot,eurcoo/XC341740.ogg
Rose-ringed Parakeet,rorpar/XC177634.ogg
Little Egret,litegr/XC236290.ogg
Greenish Warbler,grewar3/XC324009.ogg
Greater Racket-tailed Drongo,grtdro1/XC665377.ogg
Greater Racket-tailed Drongo,grtdro1/XC464140.ogg
Red-whiskered Bulbul,rewbul/XC504283.ogg
Greater Racket-tailed Drongo,grtdro1/XC684270.ogg
Black-crowned Night-Heron,bcnher/XC705780.ogg
Greenish Warbler,grewar3/XC570205.ogg
Blyth's Reed Warbler,blrwar1/XC807822.ogg
Rose-ringed Parakeet,rorpar/XC691768.ogg
Greenish Warbler,grewar3/XC841015.ogg
Red-whiskered Bulbul,rewbul/XC630189.ogg
Great Egret,greegr/XC167108.ogg
Great Egret,greegr/XC58491.ogg
Rose-ringed Parakeet,rorpar/XC581078.ogg
Blyth's Reed Warbler,blrwar1/XC207632.ogg
Rose-ringed Parakeet,rorpar/XC759751.ogg
Blyth's Reed Warbler,blrwar1/XC419888.ogg
Greenish Warbler,grewar3/XC185526.ogg
Black-crowned Night-Heron,bcnher/XC630522.ogg
Gray Heron,graher1/XC601949.ogg
Black-crowned Night-Heron,bcnher/XC592469.ogg
Red-whiskered Bulbul,rewbul/XC823524.ogg
Eurasian Coot,eurcoo/XC786402.ogg
Black-crowned Night-Heron,bcnher/XC539681.ogg
Blyth's Reed Warbler,blrwar1/XC562700.ogg
Black-crowned Night-Heron,bcnher/XC661217.ogg
Gray Heron,graher1/XC673233.ogg
White-breasted Waterhen,whbwat1/XC665667.ogg
Greenish Warbler,grewar3/XC461985.ogg
Rose-ringed Parakeet,rorpar/XC859070.ogg
Red-whiskered Bulbul,rewbul/XC784986.ogg
Red-whiskered Bulbul,rewbul/XC776525.ogg
Little Egret,litegr/XC628901.ogg
Gray Heron,graher1/XC794325.ogg
Gray Heron,graher1/XC716012.ogg
Greenish Warbler,grewar3/XC266732.ogg
Rose-ringed Parakeet,rorpar/XC772774.ogg
Blyth's Reed Warbler,blrwar1/XC113343.ogg
Blyth's Reed Warbler,blrwar1/XC661059.ogg
Gray-headed Canary-Flycatcher,gyhcaf1/XC293598.ogg
Eurasian Coot,eurcoo/XC448709.ogg
Rose-ringed Parakeet,rorpar/XC614091.ogg
Gray Heron,graher1/XC530884.ogg
Greenish Warbler,grewar3/XC408758.ogg
Eurasian Coot,eurcoo/XC410712.ogg
Little Egret,litegr/XC829577.ogg
Little Egret,litegr/XC800990.ogg
Blyth's Reed Warbler,blrwar1/XC660157.ogg
Eurasian Coot,eurcoo/XC784966.ogg
Gray Heron,graher1/XC848178.ogg
Rose-ringed Parakeet,rorpar/XC334309.ogg
Blyth's Reed Warbler,blrwar1/XC734343.ogg
Greenish Warbler,grewar3/XC180478.ogg
Black-crowned Night-Heron,bcnher/XC567940.ogg
Greater Racket-tailed Drongo,grtdro1/XC575145.ogg
Rose-ringed Parakeet,rorpar/XC210191.ogg
Rose-ringed Parakeet,rorpar/XC577644.ogg
Great Egret,greegr/XC779171.ogg
Blyth's Reed Warbler,blrwar1/XC810324.ogg
Eurasian Coot,eurcoo/XC632331.ogg
Eurasian Coot,eurcoo/XC218711.ogg
Gray Heron,graher1/XC593366.ogg
Gray Heron,graher1/XC723780.ogg
White-breasted Waterhen,whbwat1/XC266605.ogg
Greenish Warbler,grewar3/XC575392.ogg
Little Egret,litegr/XC468221.ogg
Blyth's Reed Warbler,blrwar1/XC134920.ogg
Gray Heron,graher1/XC768226.ogg
Little Egret,litegr/XC307189.ogg
Great Egret,greegr/XC171678.ogg
Eurasian Coot,eurcoo/XC585648.ogg
Black-crowned Night-Heron,bcnher/XC492160.ogg
Eurasian Coot,eurcoo/XC555011.ogg
Little Egret,litegr/XC333979.ogg
Great Egret,greegr/XC285219.ogg
Black-crowned Night-Heron,bcnher/XC684781.ogg
Great Egret,greegr/XC786296.ogg
Gray Heron,graher1/XC689362.ogg
Great Egret,greegr/XC794544.ogg
Eurasian Coot,eurcoo/XC641446.ogg
Rose-ringed Parakeet,rorpar/XC575955.ogg
Greater Racket-tailed Drongo,grtdro1/XC204128.ogg
Blyth's Reed Warbler,blrwar1/XC692991.ogg
White-breasted Waterhen,whbwat1/XC606495.ogg
Black-crowned Night-Heron,bcnher/XC760762.ogg
Greenish Warbler,grewar3/XC845823.ogg
Eurasian Coot,eurcoo/XC712227.ogg
Greenish Warbler,grewar3/XC817795.ogg
Gray-headed Canary-Flycatcher,gyhcaf1/XC841424.ogg
Eurasian Coot,eurcoo/XC659907.ogg
Gray Heron,graher1/XC601173.ogg
White-breasted Waterhen,whbwat1/XC487522.ogg
Great Egret,greegr/XC669141.ogg
Greenish Warbler,grewar3/XC185504.ogg
Red-whiskered Bulbul,rewbul/XC126901.ogg
Eurasian Coot,eurcoo/XC630165.ogg
Gray-headed Canary-Flycatcher,gyhcaf1/XC814954.ogg
Rose-ringed Parakeet,rorpar/XC348243.ogg
Blyth's Reed Warbler,blrwar1/XC313296.ogg
White-breasted Waterhen,whbwat1/XC377407.ogg
Gray-headed Canary-Flycatcher,gyhcaf1/XC489219.ogg
Eurasian Coot,eurcoo/XC579945.ogg
Eurasian Coot,eurcoo/XC625645.ogg
Greenish Warbler,grewar3/XC153143.ogg
Greater Racket-tailed Drongo,grtdro1/XC575538.ogg
Gray Heron,graher1/XC522323.ogg
Black-crowned Night-Heron,bcnher/XC798409.ogg
Black-crowned Night-Heron,bcnher/XC699735.ogg
Red-whiskered Bulbul,rewbul/XC647831.ogg
Little Egret,litegr/XC575541.ogg
Gray Heron,graher1/XC698385.ogg
Rose-ringed Parakeet,rorpar/XC856220.ogg
Greenish Warbler,grewar3/XC319647.ogg
White-breasted Waterhen,whbwat1/XC756639.ogg
Eurasian Coot,eurcoo/XC713504.ogg
Greenish Warbler,grewar3/XC630521.ogg
Greater Racket-tailed Drongo,grtdro1/XC537855.ogg
Rose-ringed Parakeet,rorpar/XC237579.ogg
Greater Racket-tailed Drongo,grtdro1/XC276853.ogg
Red-whiskered Bulbul,rewbul/XC123010.ogg
Blyth's Reed Warbler,blrwar1/XC566126.ogg
Little Egret,litegr/XC605112.ogg
Rose-ringed Parakeet,rorpar/XC308042.ogg
Great Egret,greegr/XC686664.ogg
Black-crowned Night-Heron,bcnher/XC689920.ogg
Blyth's Reed Warbler,blrwar1/XC656265.ogg
White-breasted Waterhen,whbwat1/XC610775.ogg
Blyth's Reed Warbler,blrwar1/XC659759.ogg
Rose-ringed Parakeet,rorpar/XC856357.ogg
Blyth's Reed Warbler,blrwar1/XC134719.ogg
Greater Racket-tailed Drongo,grtdro1/XC784261.ogg
Black-crowned Night-Heron,bcnher/XC707713.ogg
Rose-ringed Parakeet,rorpar/XC493368.ogg
Gray Heron,graher1/XC522583.ogg
Rose-ringed Parakeet,rorpar/XC521695.ogg
Red-whiskered Bulbul,rewbul/XC770528.ogg
Greenish Warbler,grewar3/XC735991.ogg
Greenish Warbler,grewar3/XC599946.ogg
Little Egret,litegr/XC365090.ogg
Black-crowned Night-Heron,bcnher/XC138482.ogg
Gray Heron,graher1/XC768379.ogg
Gray-headed Canary-Flycatcher,gyhcaf1/XC497007.ogg
Black-crowned Night-Heron,bcnher/XC702327.ogg
Red-whiskered Bulbul,rewbul/XC490873.ogg
Rose-ringed Parakeet,rorpar/XC688959.ogg
Gray Heron,graher1/XC389467.ogg
Blyth's Reed Warbler,blrwar1/XC733671.ogg
Little Egret,litegr/XC376641.ogg
Red-whiskered Bulbul,rewbul/XC307714.ogg
White-breasted Waterhen,whbwat1/XC147285.ogg
Little Egret,litegr/XC551437.ogg
Blyth's Reed Warbler,blrwar1/XC564413.ogg
Red-whiskered Bulbul,rewbul/XC414674.ogg
Great Egret,greegr/XC554102.ogg
Eurasian Coot,eurcoo/XC603065.ogg
Rose-ringed Parakeet,rorpar/XC568863.ogg
Great Egret,greegr/XC116545.ogg
Red-whiskered Bulbul,rewbul/XC116838.ogg
Eurasian Coot,eurcoo/XC858054.ogg
White-breasted Waterhen,whbwat1/XC764947.ogg
Great Egret,greegr/XC796141.ogg
White-breasted Waterhen,whbwat1/XC843300.ogg
Eurasian Coot,eurcoo/XC713483.ogg
Rose-ringed Parakeet,rorpar/XC760789.ogg
Great Egret,greegr/XC331727.ogg
Eurasian Coot,eurcoo/XC802139.ogg
Great Egret,greegr/XC650221.ogg
Greenish Warbler,grewar3/XC478349.ogg
Great Egret,greegr/XC811612.ogg
Eurasian Coot,eurcoo/XC392798.ogg
Greenish Warbler,grewar3/XC138775.ogg
Eurasian Coot,eurcoo/XC279005.ogg
White-breasted Waterhen,whbwat1/XC807998.ogg
Red-whiskered Bulbul,rewbul/XC724419.ogg
Blyth's Reed Warbler,blrwar1/XC656165.ogg
Blyth's Reed Warbler,blrwar1/XC666076.ogg
Rose-ringed Parakeet,rorpar/XC817304.ogg
Gray Heron,graher1/XC357552.ogg
Little Egret,litegr/XC858034.ogg
Gray Heron,graher1/XC431402.ogg
Eurasian Coot,eurcoo/XC781994.ogg
Blyth's Reed Warbler,blrwar1/XC199698.ogg
Gray Heron,graher1/XC540680.ogg
Greenish Warbler,grewar3/XC129539.ogg
Gray-headed Canary-Flycatcher,gyhcaf1/XC351526.ogg
Greenish Warbler,grewar3/XC477610.ogg
Greater Racket-tailed Drongo,grtdro1/XC606823.ogg
Black-crowned Night-Heron,bcnher/XC437720.ogg
Gray Heron,graher1/XC842809.ogg
Rose-ringed Parakeet,rorpar/XC561983.ogg
Eurasian Coot,eurcoo/XC796730.ogg
Gray Heron,graher1/XC675228.ogg
Blyth's Reed Warbler,blrwar1/XC657563.ogg
Blyth's Reed Warbler,blrwar1/XC653893.ogg
Greenish Warbler,grewar3/XC760551.ogg
Blyth's Reed Warbler,blrwar1/XC478413.ogg
Eurasian Coot,eurcoo/XC779934.ogg
Rose-ringed Parakeet,rorpar/XC669425.ogg
Black-crowned Night-Heron,bcnher/XC582943.ogg
Eurasian Coot,eurcoo/XC302637.ogg
Gray Heron,graher1/XC631774.ogg
Rose-ringed Parakeet,rorpar/XC469368.ogg
Rose-ringed Parakeet,rorpar/XC283707.ogg
Gray-headed Canary-Flycatcher,gyhcaf1/XC73275.ogg
Little Egret,litegr/XC138320.ogg
Eurasian Coot,eurcoo/XC710346.ogg
Black-crowned Night-Heron,bcnher/XC256939.ogg
Eurasian Coot,eurcoo/XC804809.ogg
Greenish Warbler,grewar3/XC501074.ogg
Black-crowned Night-Heron,bcnher/XC746436.ogg
Great Egret,greegr/XC758130.ogg
Blyth's Reed Warbler,blrwar1/XC141038.ogg
Blyth's Reed Warbler,blrwar1/XC480512.ogg
Eurasian Coot,eurcoo/XC309355.ogg
Gray Heron,graher1/XC711534.ogg
Greenish Warbler,grewar3/XC810537.ogg
White-breasted Waterhen,whbwat1/XC712735.ogg
Gray Heron,graher1/XC636750.ogg
Gray-headed Canary-Flycatcher,gyhcaf1/XC237544.ogg
Rose-ringed Parakeet,rorpar/XC464252.ogg
Eurasian Coot,eurcoo/XC720306.ogg
Little Egret,litegr/XC749604.ogg
Gray-headed Canary-Flycatcher,gyhcaf1/XC720382.ogg
Black-crowned Night-Heron,bcnher/XC839161.ogg
Eurasian Coot,eurcoo/XC621931.ogg
White-breasted Waterhen,whbwat1/XC462432.ogg
Rose-ringed Parakeet,rorpar/XC546321.ogg
Greenish Warbler,grewar3/XC755982.ogg
Gray Heron,graher1/XC587018.ogg
Rose-ringed Parakeet,rorpar/XC770741.ogg
Blyth's Reed Warbler,blrwar1/XC658088.ogg
Gray Heron,graher1/XC309150.ogg
White-breasted Waterhen,whbwat1/XC822437.ogg
Red-whiskered Bulbul,rewbul/XC859314.ogg
Blyth's Reed Warbler,blrwar1/XC570070.ogg
Gray-headed Canary-Flycatcher,gyhcaf1/XC204131.ogg
Greenish Warbler,grewar3/XC349053.ogg
Eurasian Coot,eurcoo/XC663409.ogg
Rose-ringed Parakeet,rorpar/XC267026.ogg
Gray Heron,graher1/XC534081.ogg
Blyth's Reed Warbler,blrwar1/XC614071.ogg
Great Egret,greegr/XC187098.ogg
Greater Racket-tailed Drongo,grtdro1/XC450264.ogg
Eurasian Coot,eurcoo/XC696601.ogg
Gray Heron,graher1/XC707170.ogg
Little Egret,litegr/XC681286.ogg
Gray Heron,graher1/XC683606.ogg
Greenish Warbler,grewar3/XC176008.ogg
Gray-headed Canary-Flycatcher,gyhcaf1/XC618448.ogg
Little Egret,litegr/XC411010.ogg
Greenish Warbler,grewar3/XC442604.ogg
Eurasian Coot,eurcoo/XC605225.ogg
Great Egret,greegr/XC512483.ogg
Gray-headed Canary-Flycatcher,gyhcaf1/XC683319.ogg
Gray-headed Canary-Flycatcher,gyhcaf1/XC700263.ogg
Gray Heron,graher1/XC261370.ogg
Gray-headed Canary-Flycatcher,gyhcaf1/XC859133.ogg
Rose-ringed Parakeet,rorpar/XC499338.ogg
Rose-ringed Parakeet,rorpar/XC516402.ogg
Eurasian Coot,eurcoo/XC573003.ogg
Gray-headed Canary-Flycatcher,gyhcaf1/XC756605.ogg
Gray Heron,graher1/XC589266.ogg
Blyth's Reed Warbler,blrwar1/XC134922.ogg
Greenish Warbler,grewar3/XC293694.ogg
Greater Racket-tailed Drongo,grtdro1/XC683625.ogg
Blyth's Reed Warbler,blrwar1/XC656264.ogg
Greater Racket-tailed Drongo,grtdro1/XC484919.ogg
Red-whiskered Bulbul,rewbul/XC767767.ogg
Red-whiskered Bulbul,rewbul/XC713031.ogg
Little Egret,litegr/XC322608.ogg
Gray Heron,graher1/XC521616.ogg
Gray-headed Canary-Flycatcher,gyhcaf1/XC115117.ogg
Black-crowned Night-Heron,bcnher/XC742241.ogg
Greater Racket-tailed Drongo,grtdro1/XC372568.ogg
Rose-ringed Parakeet,rorpar/XC684029.ogg
Greenish Warbler,grewar3/XC428984.ogg
Gray-headed Canary-Flycatcher,gyhcaf1/XC491050.ogg
Blyth's Reed Warbler,blrwar1/XC621544.ogg
Gray Heron,graher1/XC607064.ogg
Gray-headed Canary-Flycatcher,gyhcaf1/XC307498.ogg
Eurasian Coot,eurcoo/XC716955.ogg
Greenish Warbler,grewar3/XC684274.ogg
Black-crowned Night-Heron,bcnher/XC293904.ogg
Gray Heron,graher1/XC461755.ogg
Greenish Warbler,grewar3/XC191260.ogg
White-breasted Waterhen,whbwat1/XC363415.ogg
Gray-headed Canary-Flycatcher,gyhcaf1/XC347592.ogg
Little Egret,litegr/XC659591.ogg
Greater Racket-tailed Drongo,grtdro1/XC150641.ogg
Rose-ringed Parakeet,rorpar/XC170209.ogg
Rose-ringed Parakeet,rorpar/XC403954.ogg
Gray Heron,graher1/XC741306.ogg
Red-whiskered Bulbul,rewbul/XC196951.ogg
Little Egret,litegr/XC795969.ogg
Black-crowned Night-Heron,bcnher/XC566159.ogg
Greenish Warbler,grewar3/XC251835.ogg
Blyth's Reed Warbler,blrwar1/XC184748.ogg
Eurasian Coot,eurcoo/XC543967.ogg
Rose-ringed Parakeet,rorpar/XC746907.ogg
Blyth's Reed Warbler,blrwar1/XC658348.ogg
Greenish Warbler,grewar3/XC580302.ogg
Blyth's Reed Warbler,blrwar1/XC158484.ogg
Greater Racket-tailed Drongo,grtdro1/XC184817.ogg
Greenish Warbler,grewar3/XC563551.ogg
Little Egret,litegr/XC555825.ogg
Rose-ringed Parakeet,rorpar/XC857890.ogg
Eurasian Coot,eurcoo/XC651962.ogg
Black-crowned Night-Heron,bcnher/XC549340.ogg
Gray Heron,graher1/XC746566.ogg
White-breasted Waterhen,whbwat1/XC583144.ogg
Black-crowned Night-Heron,bcnher/XC670576.ogg
Gray-headed Canary-Flycatcher,gyhcaf1/XC335026.ogg
Black-crowned Night-Heron,bcnher/XC742880.ogg
Little Egret,litegr/XC711676.ogg
White-breasted Waterhen,whbwat1/XC845311.ogg
Little Egret,litegr/XC577778.ogg
Great Egret,greegr/XC135970.ogg
White-breasted Waterhen,whbwat1/XC150450.ogg
Eurasian Coot,eurcoo/XC463333.ogg
Greenish Warbler,grewar3/XC253003.ogg
Greenish Warbler,grewar3/XC418609.ogg
Great Egret,greegr/XC655961.ogg
Eurasian Coot,eurcoo/XC26788.ogg
Black-crowned Night-Heron,bcnher/XC701343.ogg
Great Egret,greegr/XC661723.ogg
Blyth's Reed Warbler,blrwar1/XC321311.ogg
Black-crowned Night-Heron,bcnher/XC557296.ogg
Gray-headed Canary-Flycatcher,gyhcaf1/XC290284.ogg
Great Egret,greegr/XC351385.ogg
Eurasian Coot,eurcoo/XC605155.ogg
Little Egret,litegr/XC643482.ogg
Little Egret,litegr/XC669097.ogg
Eurasian Coot,eurcoo/XC730489.ogg
Greenish Warbler,grewar3/XC377339.ogg
Gray Heron,graher1/XC770927.ogg
Eurasian Coot,eurcoo/XC787841.ogg
Black-crowned Night-Heron,bcnher/XC548602.ogg
Greenish Warbler,grewar3/XC659340.ogg
Eurasian Coot,eurcoo/XC267219.ogg
Greater Racket-tailed Drongo,grtdro1/XC632042.ogg
Eurasian Coot,eurcoo/XC376644.ogg
Gray Heron,graher1/XC267329.ogg
Rose-ringed Parakeet,rorpar/XC694154.ogg
Eurasian Coot,eurcoo/XC596853.ogg
Greenish Warbler,grewar3/XC270135.ogg
Black-crowned Night-Heron,bcnher/XC808965.ogg
Great Egret,greegr/XC558126.ogg
Rose-ringed Parakeet,rorpar/XC518999.ogg
Greenish Warbler,grewar3/XC652513.ogg
Rose-ringed Parakeet,rorpar/XC508360.ogg
Blyth's Reed Warbler,blrwar1/XC826043.ogg
Little Egret,litegr/XC305617.ogg
Black-crowned Night-Heron,bcnher/XC749154.ogg
Gray-headed Canary-Flycatcher,gyhcaf1/XC766713.ogg
Little Egret,litegr/XC335944.ogg
Rose-ringed Parakeet,rorpar/XC368584.ogg
Gray Heron,graher1/XC742598.ogg
Eurasian Coot,eurcoo/XC733198.ogg
Great Egret,greegr/XC304688.ogg
Eurasian Coot,eurcoo/XC208510.ogg
Black-crowned Night-Heron,bcnher/XC568293.ogg
Greenish Warbler,grewar3/XC290121.ogg
Greenish Warbler,grewar3/XC211045.ogg
Greenish Warbler,grewar3/XC424015.ogg
Greater Racket-tailed Drongo,grtdro1/XC614160.ogg
Greenish Warbler,grewar3/XC659659.ogg
Greenish Warbler,grewar3/XC185061.ogg
Greater Racket-tailed Drongo,grtdro1/XC786591.ogg
Rose-ringed Parakeet,rorpar/XC445919.ogg
Black-crowned Night-Heron,bcnher/XC597131.ogg
Blyth's Reed Warbler,blrwar1/XC371878.ogg
Gray-headed Canary-Flycatcher,gyhcaf1/XC295080.ogg
Blyth's Reed Warbler,blrwar1/XC563496.ogg
Gray Heron,graher1/XC684993.ogg
Great Egret,greegr/XC856599.ogg
Greater Racket-tailed Drongo,grtdro1/XC684736.ogg
Black-crowned Night-Heron,bcnher/XC656878.ogg
Gray-headed Canary-Flycatcher,gyhcaf1/XC613907.ogg
Little Egret,litegr/XC753453.ogg
Little Egret,litegr/XC346523.ogg
Gray-headed Canary-Flycatcher,gyhcaf1/XC580675.ogg
Eurasian Coot,eurcoo/XC706657.ogg
Great Egret,greegr/XC692235.ogg
Rose-ringed Parakeet,rorpar/XC116840.ogg
Rose-ringed Parakeet,rorpar/XC419853.ogg
White-breasted Waterhen,whbwat1/XC439487.ogg
Greater Racket-tailed Drongo,grtdro1/XC327424.ogg
Rose-ringed Parakeet,rorpar/XC855826.ogg
Greenish Warbler,grewar3/XC574820.ogg
Eurasian Coot,eurcoo/XC793187.ogg
Black-crowned Night-Heron,bcnher/XC824406.ogg
Gray Heron,graher1/XC762327.ogg
Little Egret,litegr/XC795966.ogg
Rose-ringed Parakeet,rorpar/XC447309.ogg
Greenish Warbler,grewar3/XC380660.ogg
Eurasian Coot,eurcoo/XC518942.ogg
Little Egret,litegr/XC677279.ogg
Gray Heron,graher1/XC665607.ogg
Gray Heron,graher1/XC580208.ogg
Great Egret,greegr/XC196155.ogg
Gray-headed Canary-Flycatcher,gyhcaf1/XC505538.ogg
Little Egret,litegr/XC453351.ogg
Little Egret,litegr/XC627003.ogg
Gray Heron,graher1/XC576088.ogg
Gray-headed Canary-Flycatcher,gyhcaf1/XC114323.ogg
Greenish Warbler,grewar3/XC573376.ogg
Red-whiskered Bulbul,rewbul/XC196710.ogg
Eurasian Coot,eurcoo/XC466805.ogg
Little Egret,litegr/XC448972.ogg
Rose-ringed Parakeet,rorpar/XC642479.ogg
Greenish Warbler,grewar3/XC475580.ogg
Rose-ringed Parakeet,rorpar/XC378731.ogg
Little Egret,litegr/XC356691.ogg
Greenish Warbler,grewar3/XC19696.ogg
Great Egret,greegr/XC512126.ogg
Great Egret,greegr/XC307186.ogg
Eurasian Coot,eurcoo/XC37445.ogg
Greenish Warbler,grewar3/XC505992.ogg
Gray Heron,graher1/XC646315.ogg
Great Egret,greegr/XC113071.ogg
Blyth's Reed Warbler,blrwar1/XC571560.ogg
Little Egret,litegr/XC645101.ogg
Black-crowned Night-Heron,bcnher/XC544188.ogg
